product_id,product,category,price,quantity,warehouse
P001,Ноутбук Lenovo,ЕЛЕКТРОНІКА,32999.0,4.0,ОДЕСА
P002,Мишка Logitech,ЕЛЕКТРОНІКА,799.0,12.0,ОДЕСА
P003,Клавіатура,АКСЕСУАРИ,,7.0,КИЇВ
P004,Монітор,ЕЛЕКТРОНІКА,,3.0,ЛЬВІВ
P005,Usb-Кабель,АКСЕСУАРИ,249.0,7.0,ОДЕСА
P007,Ssd 1Tb,КОМПЛЕКТУЮЧІ,2899.0,7.0,КИЇВ
P008,Оперативна Пам’Ять,КОМПЛЕКТУЮЧІ,2450.0,6.0,КИЇВ
P009,Веб-Камера,ЕЛЕКТРОНІКА,8.0,8.0,ЛЬВІВ
P010,Навушники,АКСЕСУАРИ,1199.0,15.0,ОДЕСА
P011,Док-Станція,АКСЕСУАРИ,4899.0,2.0,ОДЕСА
P012,Монітор 27,ЕЛЕКТРОНІКА,,1.0,КИЇВ
